{
    "deactivate_sensors": false, 
    "magnetic_field": {
        "y": 0.032634804501503765, 
        "x": 0.6315040532718575, 
        "z": 0.050317958869560246
    }, 
    "gravity": {
        "y": 0.0, 
        "x": 0.0, 
        "z": 1.62
    }, 
    "wind_deviation": {
        "y": 0.1, 
        "x": 5.4, 
        "z": 7.6
    }, 
    "rotor_orientation": "x", 
    "wind": {
        "y": 12.2, 
        "x": 1.4, 
        "z": 2.4
    }
}